mhc	pseudo
A*01:01	MYFFAVGFVRFMYQERNMAHTDANTLYIQIYRDYIWITKWVAQRYRGY
A*02:01	MYFFAVGFVRFMYGERKVAHTHVDTLYVQRYHYYIWTTKWAVQLYTWY
A*02:02	MYFFAVGFVRFMYGERKVAHTHVDTLYLQRYHYYIWTTKWAVQWYTWY
A*02:03	MYFFAVGFVRFMYGERKVAHTHVDTLYVQRYHYYIWTTKWAEQWYTWY
A*02:04	MYFFAVGFVRFMYGERKVAHTHVDTLYVQMYHYYIWTTKWAVQLYTWY
A*02:05	MYYFAVGFVRFMYGERKVAHTHVDTLYLQRYHYYIWTTKWAVQWYTWY
A*02:06	MYYFAVGFVRFMYGERKVAHTHVDTLYVQRYHYYIWTTKWAVQLYTWY
A*02:07	MYFFAVGFVRFMYGERKVAHTHVDTLYVQRCHYYIWTTKWAVQLYTWY
A*02:08	MYYFAVGFVRFMYGERNVAHTHVDTLYLQRYHYYIWTTKWAVQWYTWY
A*02:09	MYFFAVGFVRFMYGERKVAHTHVDTLYVQRYHYYIWTTKWAVQLYTWY
A*02:10	MYYFAVGFVRFMYGERKVAHTHVDTLYVQRFHYYIWTTKWAVQLYTWY
A*02:11	MYFFAVGFVRFMYGERKVAHIDVDTLYVQRYHYYIWTTKWAVQLYTWY
A*02:12	MYFFAVGFVRFMYGERKVAHTHVDTLYVQRYHYYIWTTKWAVQQYTWY
A*02:14	MYYFAVGFVRFMYGERKVAHTHVDTLYLQRYHYYIWTTKWAVQLYTWY
A*02:16	MYFFAVGFVRFMYGERKVAHTHVDTLYVQRYHYYIWTTKWAVQLYEWY
A*02:17	MYFFAVGFVRFMYGERKVAHTHVDTLYLQMFHYYIWTTKWAVQLYTWY
A*02:19	MYFFAVGFVRFMYGERKVAHTHVDTLYVQRYHYYIWITKWAVQQYTGY
A*02:50	MYFFAVGFVRFMYGERKVAHTHVDTLYIQRYHYYIWTTKWAVQWYTWY
A*03:01	MYFFAVGFVRFMYQERNVAQTDVDTLYIQIYRDYIWITKWAEQLYTWY
A*03:02	MYFFAVGFVRFMYQERNVAQTDVDTLYIQIYRDYIWITKWAVQQYTWY
A*03:19	MYFFAVGFVRFMYQERNVAQTDVDTLYIQIFHYYIWITKWAEQLYTWY
A*11:01	MYYFAVGFVRFMYQERNVAQTDVDTLYIQIYRDYIWITKWAAQQYRWY
A*11:02	MYYFAVGFVRFMYQERNVAQTDVDTLYIQIYRDYIWITKWAAQQYRWY
A*23:01	MYSFAVGFVRFMYEEGKVAHTDENIAYLQMFHYYIWITKWAVQLYTGY
A*24:02	MYSFAVGFVRFMYEEGKVAHTDENIAYLQMFHYYIWITKWAVQQYTGY
A*24:03	MYSFAVGFVRFMYEEGKVAHTDENIAYLQMFHYYIWITKWAVQQYTWY
A*25:01	MYYFAVGFVRFMYRNRNVAHTDESIAYIQRYQDYIWITKWAEQWYRWY
A*26:01	MYYFAVGFVRFMYRNRNVAHTDANTLYIQRYQDYIWITKWAEQWYRWY
A*26:02	MYYFAVGFVRFMYRNRNVAHTDANTLYIQRYQNYIWITKWAEQWYRWY
A*26:03	MYYFAVGFVRFMYRNRNVAHTHVDTLYIQRYQDYIWITKWAEQWYRWY
A*29:02	MYTFAVGFVRFMYLQRNVAQTDANTLYIQMYRDYIWITKWAVQLYTWY
A*30:01	MYSFAVGFVRFMYQERNVAQTDVDTLYIQIYEHYIWITKWAWQLYTWY
A*30:02	MYSFAVGFVRFMYQERNVAHTDENTLYIQIYEHYIWITKWARQLYTWY
A*30:03	MYSFAVGFVRFMYQERNVAHTDENTLYIQIYEHYIWITKWARQLYTWY
A*30:04	MYSFAVGFVRFMYQERNVAHTDENTLYIQIYEHYIWITKWAVQWYTWY
A*31:01	MYTFAVGFVRFMYQERNVAHIDVDTLYIQMYQDYIWITKWAVQLYTWY
A*32:01	MYFFAVGFVRFMYQERNVAHTDESIAYIQMYQDYIWITKWAVQLYTWY
A*32:07	MYSFAVGFVRFMYQERNVAHTDESIAYIQMYQDYIWITKWAVQLYTWY
A*32:15	MYFFAVGFVRFMYRNRNVAHTDESIAYIQMYQDYIWITKWAVQLYTWY
A*33:01	MYTFAVGFVRFMYRNRNVAHIDVDTLYIQMYQDYIWITKWAVQLYTWH
A*33:03	MYTFAVGFVRFMYRNRNVAHIDVDTLYIQMYQDYIWITKWAVQLYTWY
A*66:01	MYYFAVGFVRFMYRNRNVAQTDVDTLYIQRYQDYIWITKWAEQWYRWY
A*66:02	MYYFAVGFVRFMYRNRNVAQTDVDTLYIQRYQDYIWITKWAEQWYEWY
A*66:03	MYYFAVGFVRFMYRNRNVAHTDVDTLYIQRYQDYIWITKWAEQWYEWY
A*68:01	MYYFAVGFVRFMYRNRNVAQTDVDTLYIQMYRDYIWTTKWAVQWYTWY
A*68:02	MYYFAVGFVRFMYRNRNVAQTDVDTLYIQRYHYYIWTTKWAVQWYTWY
A*68:23	MYYFAVGFVRFMYRNRNVAQTDVDTLYIQRYRDYIWTTKWAVQWYTWY
A*69:01	MYYFAVGFVRFMYRNRNVAQTDVDTLYVQRYHYYIWTTKWAVQLYTWY
A*80:01	MYFFAVGFVQFMYEERNVAHTNANTLYIQIYRDYIWITKWARQLYEGY
B*07:02	MYYFSVGFVRFEYRNQIYAQTDESNLYLQSYDYYIWITKWAEQRYEWY
B*08:01	MYDFSVGFVRFEYRNQIFTNTDESNLYLQSYNYYIWITKWAVQDYTWY
B*08:02	MYDFSVGFVRFEYRNQIFTNTDENTAYLQSYNYYIWITKWAVQDYTWY
B*08:03	MYDFSVGFVRFEYRNQIFTNTYENIAYLQSYNYYIWITKWAVQDYTWY
B*13:01	MYYFTVGFVRFMYREQISTNTYENTAYIQRYNLYIWITKWAVQLYEWY
B*14:02	MYYFSVGFVRFEYRNQICTNTDESNLYLQWYNFYIWITKWAEQLYTWH
B*14:03	MYYFSVGFVRFEYRNQICTNTDESNLYLQWYNFYIWITKWAEQRYTWH
B*15:01	MYYFAVGFVRFMYREQISTNTYESNLYLQRYDSYIWITKWAEQWYLWY
B*15:02	MYYFAVGFVRFMYRNQISTNTYESNLYIQRYDSYIWITKWAEQLYLWY
B*15:03	MYYFSVGFVRFEYREQISTNTYESNLYLQRYDSYIWITKWAEQLYLWY
B*15:08	MYYFAVGFVRFMYRNQIFTNTYESNLYLQRYDSYIWITKWAEQWYLWY
B*15:09	MYYFSVGFVRFEYRNQICTNTYESNLYLQRYNYYIWITKWAEQLYLWY
B*15:10	MYYFSVGFVRFEYRNQICTNTYESNLYLQRYDYYIWITKWAEQLYLWY
B*15:12	MYYFAVGFVRFMYREQISTNTYESNLYLQRYDSYIWITKWAEQWYLGY
B*15:16	MYYFAVGFVRFMYRERNMASTYENIAYWQRYDSYIWITKWAEQLYLWY
B*15:17	MYYFAVGFVRFMYRERNMASTYENIAYLQRYHDYIWITKWAEQLYLWY
B*15:42	MYYFAVGFVRFMYREQISTNTYESNLYWQTYNLYIWITKWAEQLYTWY
B*18:01	MYHFSVGFVRFTYRNQISTNTYESNLYLQRYDSYIWITKWAVQLYTWH
B*27:01	MYHFTVGFVRFEYREQICAKTYENTAYLQNYHDYIWITKWAVQLYEWY
B*27:02	MYHFTVGFVRFEYREQICAKTDENIAYLQNYHDYIWITKWAVQLYEWY
B*27:03	MYHFTVGFVRFEHREQICAKTDEDTLYLQNYHDYIWITKWAVQLYEWY
B*27:04	MYHFTVGFVRFEYREQICAKTDESTLYLQNYHDYIWITKWAEQLYEWY
B*27:05	MYHFTVGFVRFEYREQICAKTDEDTLYLQNYHDYIWITKWAVQLYEWY
B*27:06	MYHFTVGFVRFEYREQICAKTDESTLYLQNYDYYIWITKWAEQLYEWY
B*27:07	MYHFTVGFVRFEYREQICAKTDEDTLYLQSYNYYIWITKWAVQLYEWY
B*27:09	MYHFTVGFVRFEYREQICAKTDEDTLYLQNYHHYIWITKWAVQLYEWY
B*27:10	MYHFTVGFVRFEYREQICAKTDEDTLYLQNYHDYIWITKWAEQLYEWY
B*27:20	MYHFTVGFVRFEYREQICAKTDESTLYLQNYNYYIWITKWAEQLYEWY
B*35:01	MYYFAVGFVRFTYRNQIFTNTYESNLYIQRYDSYIWITKWAVQLYLWY
B*35:02	MYYFAVGFVRFTYRNQIFTNTYESNLYIQRYNYYIWITKWAVQLYLWY
B*35:03	MYYFAVGFVRFTYRNQIFTNTYESNLYIQRYDFYIWITKWAVQLYLWY
B*35:08	MYYFAVGFVRFTYRNQIFTNTYESNLYIQRYDSYIWITKWAVQRYLWY
B*37:01	MYHFSVGFVRFTYREQISTNTYEDTLYIQRSNFYIWITKWAVQDYTWY
B*38:01	MYYFSVGFVRFEYRNQICTNTYENIAYLQRYNFYIWITKWAVQLYTWY
B*39:01	MYYFSVGFVRFEYRNQICTNTDESNLYLQRYNFYIWITKWAVQLYTWY
B*39:09	MYYFSVGFVRFEYRNQICTNTDESNLYLQRSNFYIWITKWAVQLYTWY
B*39:10	MYYFSVGFVRFEYRNQIYTNTDESNLYLQRYNFYIWITKWAVQLYTWY
B*40:01	MYHFTVGFVRFKYREQISTNTYESNLYLQRYNYYIWISKLAVQLYEWY
B*40:02	MYHFTVGFVRFKYREQISTNTYESNLYLQSYNYYIWITKWAVQLYEWY
B*40:13	MYHFTVGFVRFKYREQIFTNTYENIAYLQSYNYYIWITKWAVQLYEWY
B*41:01	MYHFTVGFVRFKYREQISTNTYESNLYWQRYNYYIWITKWAVQDYTWY
B*41:02	MYHFTVGFVRFKYREQISTNTYESNLYLQSYNYYIWITKWAVQDYTWY
B*41:03	MYHFTVGFVRFKYREQISTNTYESNLYLQRYNYYIWITKWAVQDYTWY
B*41:04	MYHFTVGFVRFKYREQISTNTYESNLYLQSYDYYIWITKWAVQDYTWY
B*41:05	MYHFTVGFVRFKYREQISTNTYESKLYWQRYNYYIWITKWAVQDYTWY
B*42:01	MYYFSVGFVRFEYRNQIYAQTDESNLYLQSYNYYIWITKWAVQDYTWY
B*44:02	MYYFTVGFVRFKYREQISTNTYENTAYIQRYDDYIWITKWAVQDYLSY
B*44:03	MYYFTVGFVRFKYREQISTNTYENTAYIQRYDDYIWITKWAVQLYLSY
B*44:05	MYYFTVGFVRFKYREQISTNTYENTAYIQRYDYYIWITKWAVQDYLSY
B*44:08	MYYFTVGFVRFMYREQISTNTYENTAYIQRYDDYIWITKWAVQDYLSY
B*44:27	MYYFTVGFVRFKYREQISTNTYENTAYIQRYDDYIWITKWAVQDYLSY
B*45:01	MYHFTVGFVRFKYREQISTNTYESNLYWQRYNLYIWITKWAVQDYLSY
B*45:06	MYHFTVGFVRFKYREQIYAQTDESNLYWQRYNLYIWITKWAVQDYLSY
B*46:01	MYYFAVGFVRFMYREQKYRQTDVSNLYLQRYDSYIWITKWAEQWYLWY
B*47:01	MYYFTVGFVRFKYREQISTNTYEDTLYLQRFHDYIWITKWAVQLYEWY
B*48:01	MYYFSVGFVRFEYREQISTNTYESNLYLQSYNYYIWISKLAVQLYEWY
B*49:01	MYHFTVGFVRFKYREQISTNTYENIAYWQRYNLYIWITKWAEQLYLWY
B*50:01	MYHFTVGFVRFKYREQISTNTYESNLYWQRYNLYIWITKWAEQLYLWY
B*51:01	MYYFAVGFVRFTYRNQIFTNTYENIAYWQTYNYYIWITKWAEQLYLWH
B*51:02	MYYFAVGFVRFTYRNQIFTNTYENIAYWQTYNYYIWITKWAEQLYLWY
B*51:03	MYYFAVGFVRFTYRNQIFTNTYENIAYWQTYNYYIWITKWAEQLYLGH
B*52:01	MYYFAVGFVRFTYREQISTNTYENIAYWQTYNYYIWITKWAEQLYLWH
B*53:01	MYYFAVGFVRFTYRNQIFTNTYENIAYIQRYDSYIWITKWAVQLYLWY
B*54:01	MYYFAVGFVRFGYRNQIYAQTDESNLYWQTYNLYIWITKWAVQLYTWY
B*55:01	MYYFAVGFVRFEYRNQIYAQTDESNLYWQTYNLYIWITKWAEQLYTWY
B*55:02	MYYFAVGFVRFEYRNQIYAQTDESNLYWQTYNLYIWITKWAVQLYTWY
B*56:01	MYYFAVGFVRFEYRNQIYAQTDESNLYWQTYNLYIWITKWAVQLYLWY
B*57:01	MYYFAVGFVRFMYGERNMASTYENIAYIQVYDSYIWITKWAVQLYLWY
B*57:02	MYYFAVGFVRFMYGERNMASTYENIAYIQVYNYYIWITKWAVQRYLWY
B*57:03	MYYFAVGFVRFMYGERNMASTYENIAYIQVYNYYIWITKWAVQLYLWY
B*58:01	MYYFAVGFVRFTYGERNMASTYENIAYIQRYDSYIWITKWAVQLYLWY
B*58:02	MYYFAVGFVRFTYGERNMASTYENIAYLQWYDSYIWITKWAVQLYLWY
B*73:01	MYHFTVGFVRFEYRNQICAKTDVGNLYWQTYNFYIWITKWAVQLYEWH
B*81:01	MYYFSVGFVRFEYRNQIYAQTDESNLYLQSYNYYIWISKLAVQLYEWY
B*83:01	MYYFSVGFVRFEYRNQIYAQTDESNLYIQRYDDYIWITKWAVQDYLSY
C*01:02	MYFFSVGFVRFGYREQKYRQTDVSNLYLQWCDYYIWITKWAEQRYTWY
C*03:04	MYYFAVGFVRFGYREQKYRQTDVSNLYIQRYDYYIWITKWAEQLYLWY
C*04:01	MYSFAVGFVRFGYREQKYRQADVNKLYLQRFNFYIWITKWAEQRYTWY
C*06:02	MYDFSVGFVRFGYREQKYRQADVNKLYLQWYDSYIWITKWAEQWYTWY
C*07:01	MYDFSVGFVRFGYREQNYRQADVSNLYLQRYDSYIWITKLAAQLYTWY
C*07:02	MYDFSVGFVRFGYREQKYRQADVSNLYLQRSDSYIWITKLAAQLYTWY
C*08:01	MYYFAVGFVQFGYREQKYRQTDVSNLYLQRYNFYIWITKWATQLYTWY
C*14:02	MYSFAVGFVRFGYREQKYRQTDVSNLYLQWFDSYIWITKWAEQRYTWY
C*16:01	MYYFAVGFVRFGYREQKYRQTDVSNLYLQWYDSYIWITKWAAQQYTWY
E*01:01	LYHFSVGFVRFMYRERSADTIFVNTLYLQWHEFYLWISKSAEHQYTWY
E*01:03	LYHFSVGFVRFMYRERSADTIFVNTLYLQWHEFYLWISKSAEHQYTWY