,mhc,pseudo
0,HLAA0101,MYFFAVGFVRFMYQERNMAHTDANTLYIQIYRDYIWITKWVAQRYRGY
1,HLAA0201,MYFFAVGFVRFMYGERKVAHTHVDTLYVQRYHYYIWTTKWAVQLYTWY
2,HLAA0202,MYFFAVGFVRFMYGERKVAHTHVDTLYLQRYHYYIWTTKWAVQWYTWY
3,HLAA0203,MYFFAVGFVRFMYGERKVAHTHVDTLYVQRYHYYIWTTKWAEQWYTWY
4,HLAA0204,MYFFAVGFVRFMYGERKVAHTHVDTLYVQMYHYYIWTTKWAVQLYTWY
5,HLAA0205,MYYFAVGFVRFMYGERKVAHTHVDTLYLQRYHYYIWTTKWAVQWYTWY
6,HLAA0206,MYYFAVGFVRFMYGERKVAHTHVDTLYVQRYHYYIWTTKWAVQLYTWY
7,HLAA0207,MYFFAVGFVRFMYGERKVAHTHVDTLYVQRCHYYIWTTKWAVQLYTWY
8,HLAA0208,MYYFAVGFVRFMYGERNVAHTHVDTLYLQRYHYYIWTTKWAVQWYTWY
9,HLAA0209,MYFFAVGFVRFMYGERKVAHTHVDTLYVQRYHYYIWTTKWAVQLYTWY
10,HLAA0210,MYYFAVGFVRFMYGERKVAHTHVDTLYVQRFHYYIWTTKWAVQLYTWY
11,HLAA0211,MYFFAVGFVRFMYGERKVAHIDVDTLYVQRYHYYIWTTKWAVQLYTWY
12,HLAA0212,MYFFAVGFVRFMYGERKVAHTHVDTLYVQRYHYYIWTTKWAVQQYTWY
13,HLAA0214,MYYFAVGFVRFMYGERKVAHTHVDTLYLQRYHYYIWTTKWAVQLYTWY
14,HLAA0216,MYFFAVGFVRFMYGERKVAHTHVDTLYVQRYHYYIWTTKWAVQLYEWY
15,HLAA0217,MYFFAVGFVRFMYGERKVAHTHVDTLYLQMFHYYIWTTKWAVQLYTWY
16,HLAA0219,MYFFAVGFVRFMYGERKVAHTHVDTLYVQRYHYYIWITKWAVQQYTGY
17,HLAA0250,MYFFAVGFVRFMYGERKVAHTHVDTLYIQRYHYYIWTTKWAVQWYTWY
18,HLAA0301,MYFFAVGFVRFMYQERNVAQTDVDTLYIQIYRDYIWITKWAEQLYTWY
19,HLAA0302,MYFFAVGFVRFMYQERNVAQTDVDTLYIQIYRDYIWITKWAVQQYTWY
20,HLAA0319,MYFFAVGFVRFMYQERNVAQTDVDTLYIQIFHYYIWITKWAEQLYTWY
21,HLAA1101,MYYFAVGFVRFMYQERNVAQTDVDTLYIQIYRDYIWITKWAAQQYRWY
22,HLAA1102,MYYFAVGFVRFMYQERNVAQTDVDTLYIQIYRDYIWITKWAAQQYRWY
23,HLAA2301,MYSFAVGFVRFMYEEGKVAHTDENIAYLQMFHYYIWITKWAVQLYTGY
24,HLAA2402,MYSFAVGFVRFMYEEGKVAHTDENIAYLQMFHYYIWITKWAVQQYTGY
25,HLAA2403,MYSFAVGFVRFMYEEGKVAHTDENIAYLQMFHYYIWITKWAVQQYTWY
26,HLAA2501,MYYFAVGFVRFMYRNRNVAHTDESIAYIQRYQDYIWITKWAEQWYRWY
27,HLAA2601,MYYFAVGFVRFMYRNRNVAHTDANTLYIQRYQDYIWITKWAEQWYRWY
28,HLAA2602,MYYFAVGFVRFMYRNRNVAHTDANTLYIQRYQNYIWITKWAEQWYRWY
29,HLAA2603,MYYFAVGFVRFMYRNRNVAHTHVDTLYIQRYQDYIWITKWAEQWYRWY
30,HLAA2902,MYTFAVGFVRFMYLQRNVAQTDANTLYIQMYRDYIWITKWAVQLYTWY
31,HLAA3001,MYSFAVGFVRFMYQERNVAQTDVDTLYIQIYEHYIWITKWAWQLYTWY
32,HLAA3002,MYSFAVGFVRFMYQERNVAHTDENTLYIQIYEHYIWITKWARQLYTWY
33,HLAA3003,MYSFAVGFVRFMYQERNVAHTDENTLYIQIYEHYIWITKWARQLYTWY
34,HLAA3004,MYSFAVGFVRFMYQERNVAHTDENTLYIQIYEHYIWITKWAVQWYTWY
35,HLAA3101,MYTFAVGFVRFMYQERNVAHIDVDTLYIQMYQDYIWITKWAVQLYTWY
36,HLAA3201,MYFFAVGFVRFMYQERNVAHTDESIAYIQMYQDYIWITKWAVQLYTWY
37,HLAA3207,MYSFAVGFVRFMYQERNVAHTDESIAYIQMYQDYIWITKWAVQLYTWY
38,HLAA3215,MYFFAVGFVRFMYRNRNVAHTDESIAYIQMYQDYIWITKWAVQLYTWY
39,HLAA3301,MYTFAVGFVRFMYRNRNVAHIDVDTLYIQMYQDYIWITKWAVQLYTWH
40,HLAA3303,MYTFAVGFVRFMYRNRNVAHIDVDTLYIQMYQDYIWITKWAVQLYTWY
41,HLAA6601,MYYFAVGFVRFMYRNRNVAQTDVDTLYIQRYQDYIWITKWAEQWYRWY
42,HLAA6602,MYYFAVGFVRFMYRNRNVAQTDVDTLYIQRYQDYIWITKWAEQWYEWY
43,HLAA6603,MYYFAVGFVRFMYRNRNVAHTDVDTLYIQRYQDYIWITKWAEQWYEWY
44,HLAA6801,MYYFAVGFVRFMYRNRNVAQTDVDTLYIQMYRDYIWTTKWAVQWYTWY
45,HLAA6802,MYYFAVGFVRFMYRNRNVAQTDVDTLYIQRYHYYIWTTKWAVQWYTWY
46,HLAA6823,MYYFAVGFVRFMYRNRNVAQTDVDTLYIQRYRDYIWTTKWAVQWYTWY
47,HLAA6901,MYYFAVGFVRFMYRNRNVAQTDVDTLYVQRYHYYIWTTKWAVQLYTWY
48,HLAA8001,MYFFAVGFVQFMYEERNVAHTNANTLYIQIYRDYIWITKWARQLYEGY
49,HLAB0702,MYYFSVGFVRFEYRNQIYAQTDESNLYLQSYDYYIWITKWAEQRYEWY
50,HLAB0801,MYDFSVGFVRFEYRNQIFTNTDESNLYLQSYNYYIWITKWAVQDYTWY
51,HLAB0802,MYDFSVGFVRFEYRNQIFTNTDENTAYLQSYNYYIWITKWAVQDYTWY
52,HLAB0803,MYDFSVGFVRFEYRNQIFTNTYENIAYLQSYNYYIWITKWAVQDYTWY
53,HLAB1301,MYYFTVGFVRFMYREQISTNTYENTAYIQRYNLYIWITKWAVQLYEWY
54,HLAB1402,MYYFSVGFVRFEYRNQICTNTDESNLYLQWYNFYIWITKWAEQLYTWH
55,HLAB1403,MYYFSVGFVRFEYRNQICTNTDESNLYLQWYNFYIWITKWAEQRYTWH
56,HLAB1501,MYYFAVGFVRFMYREQISTNTYESNLYLQRYDSYIWITKWAEQWYLWY
57,HLAB1502,MYYFAVGFVRFMYRNQISTNTYESNLYIQRYDSYIWITKWAEQLYLWY
58,HLAB1503,MYYFSVGFVRFEYREQISTNTYESNLYLQRYDSYIWITKWAEQLYLWY
59,HLAB1508,MYYFAVGFVRFMYRNQIFTNTYESNLYLQRYDSYIWITKWAEQWYLWY
60,HLAB1509,MYYFSVGFVRFEYRNQICTNTYESNLYLQRYNYYIWITKWAEQLYLWY
61,HLAB1510,MYYFSVGFVRFEYRNQICTNTYESNLYLQRYDYYIWITKWAEQLYLWY
62,HLAB1512,MYYFAVGFVRFMYREQISTNTYESNLYLQRYDSYIWITKWAEQWYLGY
63,HLAB1516,MYYFAVGFVRFMYRERNMASTYENIAYWQRYDSYIWITKWAEQLYLWY
64,HLAB1517,MYYFAVGFVRFMYRERNMASTYENIAYLQRYHDYIWITKWAEQLYLWY
65,HLAB1542,MYYFAVGFVRFMYREQISTNTYESNLYWQTYNLYIWITKWAEQLYTWY
66,HLAB1801,MYHFSVGFVRFTYRNQISTNTYESNLYLQRYDSYIWITKWAVQLYTWH
67,HLAB2701,MYHFTVGFVRFEYREQICAKTYENTAYLQNYHDYIWITKWAVQLYEWY
68,HLAB2702,MYHFTVGFVRFEYREQICAKTDENIAYLQNYHDYIWITKWAVQLYEWY
69,HLAB2703,MYHFTVGFVRFEHREQICAKTDEDTLYLQNYHDYIWITKWAVQLYEWY
70,HLAB2704,MYHFTVGFVRFEYREQICAKTDESTLYLQNYHDYIWITKWAEQLYEWY
71,HLAB2705,MYHFTVGFVRFEYREQICAKTDEDTLYLQNYHDYIWITKWAVQLYEWY
72,HLAB2706,MYHFTVGFVRFEYREQICAKTDESTLYLQNYDYYIWITKWAEQLYEWY
73,HLAB2707,MYHFTVGFVRFEYREQICAKTDEDTLYLQSYNYYIWITKWAVQLYEWY
74,HLAB2709,MYHFTVGFVRFEYREQICAKTDEDTLYLQNYHHYIWITKWAVQLYEWY
75,HLAB2710,MYHFTVGFVRFEYREQICAKTDEDTLYLQNYHDYIWITKWAEQLYEWY
76,HLAB2720,MYHFTVGFVRFEYREQICAKTDESTLYLQNYNYYIWITKWAEQLYEWY
77,HLAB3501,MYYFAVGFVRFTYRNQIFTNTYESNLYIQRYDSYIWITKWAVQLYLWY
78,HLAB3502,MYYFAVGFVRFTYRNQIFTNTYESNLYIQRYNYYIWITKWAVQLYLWY
79,HLAB3503,MYYFAVGFVRFTYRNQIFTNTYESNLYIQRYDFYIWITKWAVQLYLWY
80,HLAB3508,MYYFAVGFVRFTYRNQIFTNTYESNLYIQRYDSYIWITKWAVQRYLWY
81,HLAB3701,MYHFSVGFVRFTYREQISTNTYEDTLYIQRSNFYIWITKWAVQDYTWY
82,HLAB3801,MYYFSVGFVRFEYRNQICTNTYENIAYLQRYNFYIWITKWAVQLYTWY
83,HLAB3901,MYYFSVGFVRFEYRNQICTNTDESNLYLQRYNFYIWITKWAVQLYTWY
84,HLAB3909,MYYFSVGFVRFEYRNQICTNTDESNLYLQRSNFYIWITKWAVQLYTWY
85,HLAB3910,MYYFSVGFVRFEYRNQIYTNTDESNLYLQRYNFYIWITKWAVQLYTWY
86,HLAB4001,MYHFTVGFVRFKYREQISTNTYESNLYLQRYNYYIWISKLAVQLYEWY
87,HLAB4002,MYHFTVGFVRFKYREQISTNTYESNLYLQSYNYYIWITKWAVQLYEWY
88,HLAB4013,MYHFTVGFVRFKYREQIFTNTYENIAYLQSYNYYIWITKWAVQLYEWY
89,HLAB4101,MYHFTVGFVRFKYREQISTNTYESNLYWQRYNYYIWITKWAVQDYTWY
90,HLAB4102,MYHFTVGFVRFKYREQISTNTYESNLYLQSYNYYIWITKWAVQDYTWY
91,HLAB4103,MYHFTVGFVRFKYREQISTNTYESNLYLQRYNYYIWITKWAVQDYTWY
92,HLAB4104,MYHFTVGFVRFKYREQISTNTYESNLYLQSYDYYIWITKWAVQDYTWY
93,HLAB4105,MYHFTVGFVRFKYREQISTNTYESKLYWQRYNYYIWITKWAVQDYTWY
94,HLAB4201,MYYFSVGFVRFEYRNQIYAQTDESNLYLQSYNYYIWITKWAVQDYTWY
95,HLAB4402,MYYFTVGFVRFKYREQISTNTYENTAYIQRYDDYIWITKWAVQDYLSY
96,HLAB4403,MYYFTVGFVRFKYREQISTNTYENTAYIQRYDDYIWITKWAVQLYLSY
97,HLAB4405,MYYFTVGFVRFKYREQISTNTYENTAYIQRYDYYIWITKWAVQDYLSY
98,HLAB4408,MYYFTVGFVRFMYREQISTNTYENTAYIQRYDDYIWITKWAVQDYLSY
99,HLAB4427,MYYFTVGFVRFKYREQISTNTYENTAYIQRYDDYIWITKWAVQDYLSY
100,HLAB4501,MYHFTVGFVRFKYREQISTNTYESNLYWQRYNLYIWITKWAVQDYLSY
101,HLAB4506,MYHFTVGFVRFKYREQIYAQTDESNLYWQRYNLYIWITKWAVQDYLSY
102,HLAB4601,MYYFAVGFVRFMYREQKYRQTDVSNLYLQRYDSYIWITKWAEQWYLWY
103,HLAB4701,MYYFTVGFVRFKYREQISTNTYEDTLYLQRFHDYIWITKWAVQLYEWY
104,HLAB4801,MYYFSVGFVRFEYREQISTNTYESNLYLQSYNYYIWISKLAVQLYEWY
105,HLAB4901,MYHFTVGFVRFKYREQISTNTYENIAYWQRYNLYIWITKWAEQLYLWY
106,HLAB5001,MYHFTVGFVRFKYREQISTNTYESNLYWQRYNLYIWITKWAEQLYLWY
107,HLAB5101,MYYFAVGFVRFTYRNQIFTNTYENIAYWQTYNYYIWITKWAEQLYLWH
108,HLAB5102,MYYFAVGFVRFTYRNQIFTNTYENIAYWQTYNYYIWITKWAEQLYLWY
109,HLAB5103,MYYFAVGFVRFTYRNQIFTNTYENIAYWQTYNYYIWITKWAEQLYLGH
110,HLAB5201,MYYFAVGFVRFTYREQISTNTYENIAYWQTYNYYIWITKWAEQLYLWH
111,HLAB5301,MYYFAVGFVRFTYRNQIFTNTYENIAYIQRYDSYIWITKWAVQLYLWY
112,HLAB5401,MYYFAVGFVRFGYRNQIYAQTDESNLYWQTYNLYIWITKWAVQLYTWY
113,HLAB5501,MYYFAVGFVRFEYRNQIYAQTDESNLYWQTYNLYIWITKWAEQLYTWY
114,HLAB5502,MYYFAVGFVRFEYRNQIYAQTDESNLYWQTYNLYIWITKWAVQLYTWY
115,HLAB5601,MYYFAVGFVRFEYRNQIYAQTDESNLYWQTYNLYIWITKWAVQLYLWY
116,HLAB5701,MYYFAVGFVRFMYGERNMASTYENIAYIQVYDSYIWITKWAVQLYLWY
117,HLAB5702,MYYFAVGFVRFMYGERNMASTYENIAYIQVYNYYIWITKWAVQRYLWY
118,HLAB5703,MYYFAVGFVRFMYGERNMASTYENIAYIQVYNYYIWITKWAVQLYLWY
119,HLAB5801,MYYFAVGFVRFTYGERNMASTYENIAYIQRYDSYIWITKWAVQLYLWY
120,HLAB5802,MYYFAVGFVRFTYGERNMASTYENIAYLQWYDSYIWITKWAVQLYLWY
121,HLAB7301,MYHFTVGFVRFEYRNQICAKTDVGNLYWQTYNFYIWITKWAVQLYEWH
122,HLAB8101,MYYFSVGFVRFEYRNQIYAQTDESNLYLQSYNYYIWISKLAVQLYEWY
123,HLAB8301,MYYFSVGFVRFEYRNQIYAQTDESNLYIQRYDDYIWITKWAVQDYLSY
124,HLAC0102,MYFFSVGFVRFGYREQKYRQTDVSNLYLQWCDYYIWITKWAEQRYTWY
125,HLAC0304,MYYFAVGFVRFGYREQKYRQTDVSNLYIQRYDYYIWITKWAEQLYLWY
126,HLAC0401,MYSFAVGFVRFGYREQKYRQADVNKLYLQRFNFYIWITKWAEQRYTWY
127,HLAC0602,MYDFSVGFVRFGYREQKYRQADVNKLYLQWYDSYIWITKWAEQWYTWY
128,HLAC0701,MYDFSVGFVRFGYREQNYRQADVSNLYLQRYDSYIWITKLAAQLYTWY
129,HLAC0702,MYDFSVGFVRFGYREQKYRQADVSNLYLQRSDSYIWITKLAAQLYTWY
130,HLAC0801,MYYFAVGFVQFGYREQKYRQTDVSNLYLQRYNFYIWITKWATQLYTWY
131,HLAC1402,MYSFAVGFVRFGYREQKYRQTDVSNLYLQWFDSYIWITKWAEQRYTWY
132,HLAC1601,MYYFAVGFVRFGYREQKYRQTDVSNLYLQWYDSYIWITKWAAQQYTWY
133,HLAE0101,LYHFSVGFVRFMYRERSADTIFVNTLYLQWHEFYLWISKSAEHQYTWY
134,HLAE0103,LYHFSVGFVRFMYRERSADTIFVNTLYLQWHEFYLWISKSAEHQYTWY
